pred_1,pred_2,pred_3,pred_4,pred_5
1.6299844,46.373173,7.434719,-2296.5745,228.96951
